"sentiment_category","count","avg_score"
"positive",2396,0.8919080486878728
"negative",2341,0.11236637257300525
"neutral",263,0.49526479840278625
